Alt,Pressure,Temp,RH,O3_mba,O3_ppbv,O3_column,U,V,Theta,Theta_e,Mixing_Ratio
0.0,,,,,,,,,,,
0.1,1014.2919999999999,297.728,82.174,3.1,30.778000000000002,0.75,5.842,5.606000000000002,296.802,547.722,13.92
0.2,1002.66,296.18100000000004,84.697,3.1,30.971999999999998,1.01,7.050000000000001,7.918000000000002,296.329,534.681,13.351
0.3,991.22,295.01,87.419,3.1,31.377,1.27,6.920000000000004,9.070000000000002,296.26,531.259,13.158000000000001
0.4,979.696,293.987,89.44,3.1,31.856,1.5480000000000003,7.438000000000003,8.956000000000001,296.226,527.718,12.87
0.5,968.376,293.15000000000003,90.94,3.1,32.144999999999996,1.81,7.412000000000001,8.726000000000004,296.40999999999997,523.725,12.629999999999999
0.6,957.008,292.374,92.13,3.085,32.415,2.08,6.288,9.564000000000007,296.546,518.965,12.309999999999999
0.7,945.766,291.64599999999996,92.41,3.075,32.675,2.327,6.798,9.90000000000001,296.712,511.37,11.925
0.8,934.596,291.01,91.975,3.0149999999999997,32.59,2.5509999999999997,6.646000000000002,10.146000000000006,297.13399999999996,502.53499999999997,11.425
0.9,923.5319999999999,290.51800000000003,93.0,3.045,33.129999999999995,2.7749999999999995,7.990000000000001,10.714000000000004,297.558,495.13,10.92
1.0,912.622,289.944,93.575,3.07,33.875,3.02,7.970000000000001,12.194000000000003,297.87,492.115,10.815000000000001
1.1,901.6980000000001,289.288,94.05,3.075,34.315,3.3169999999999997,6.054,12.714,298.384,487.845,10.585
1.2,890.9,288.734,94.69,2.995,33.92,3.6239999999999997,5.526000000000003,12.732,298.778,479.13,9.995000000000001
1.3,880.348,288.158,94.19,3.0,34.45,3.927,5.544000000000007,12.976000000000003,299.068,475.68,9.86
1.4,869.908,287.65,93.765,3.02,34.97,4.191,5.680000000000003,12.862000000000004,299.592,472.28499999999997,9.69
1.5,859.495,287.268,93.066,3.04,35.64,4.460999999999999,5.424,13.372000000000003,300.335,468.24,9.36
1.6,849.2180000000001,286.91700000000003,91.79599999999999,3.045,35.955,4.771,5.508000000000003,12.462000000000009,300.97900000000004,465.384,9.088
1.7,839.021,286.54900000000004,91.792,3.105,37.325,5.03,5.074,12.148000000000009,301.65900000000005,462.66,8.936
1.8,828.9490000000001,286.226,90.216,3.2,38.91,5.32,4.992000000000001,12.71,302.40400000000005,461.034,8.776
1.9,819.0640000000001,286.04900000000004,88.868,3.21,39.595,5.607,5.16,13.984000000000004,303.277,459.292,8.624
2.0,809.18,285.77,87.605,3.3449999999999998,41.53,5.9239999999999995,5.160000000000001,14.774000000000004,304.18,456.214,8.427
2.1,799.44,285.55,88.417,3.4,42.75,6.2509999999999994,4.236000000000002,14.610000000000001,304.82,452.774,8.171000000000001
2.2,789.99,285.4,87.449,3.41,43.31,6.584,3.9960000000000018,14.272000000000002,305.47,448.833,8.022
2.3,780.4,285.15,85.638,3.42,44.09,6.931,4.798,14.952000000000004,306.22,440.97400000000005,7.474
2.4,771.024,284.84299999999996,85.844,3.41,44.655,7.234999999999999,5.311999999999999,15.142000000000007,306.90299999999996,434.10200000000003,7.098
2.5,761.788,284.56,82.0,3.495,46.120000000000005,7.553999999999999,5.468000000000002,15.350000000000001,307.62300000000005,429.698,6.792000000000001
2.6,752.705,284.051,78.248,3.565,47.565,7.867,5.372000000000004,14.222000000000008,308.272,420.08,6.328
2.7,743.537,283.56,79.252,3.5949999999999998,48.49,8.187,6.392000000000001,14.348000000000006,309.04,418.704,6.1240000000000006
2.8,734.615,283.341,79.20000000000002,3.6,49.19,8.545,5.842,16.14,309.63,413.74399999999997,5.836
2.9,725.721,283.051,75.0,3.51,48.715,8.87,6.186,16.400000000000002,310.242,410.194,5.618
3.0,716.972,282.67900000000003,71.0,3.576,50.174,9.2,5.804,16.214000000000002,310.95,407.566,5.386
3.1,708.366,282.363,68.95,3.5759999999999996,50.617999999999995,9.55,6.486000000000006,16.218000000000007,311.53,404.648,5.18
3.2,699.875,281.576,68.934,3.5359999999999996,51.025999999999996,9.887,7.796000000000003,16.946,311.88100000000003,399.92199999999997,5.088
3.3,691.4430000000001,281.12,71.18200000000002,3.5,50.976,10.228,7.008000000000006,17.25,312.474,401.14200000000005,4.936000000000001
3.4,683.003,280.558,70.57600000000001,3.448,50.616,10.532,6.0780000000000065,16.878,312.978,394.938,4.770000000000001
3.5,674.722,280.159,66.946,3.446,51.73,10.794,7.314,16.518000000000004,313.502,393.29,4.496
3.6,666.481,279.805,62.346000000000004,3.42,51.522,11.064,7.776000000000001,17.588000000000005,314.205,386.26,4.23
3.7,658.381,279.15999999999997,63.93200000000001,3.4,52.056,11.357,7.618,18.518000000000008,314.601,385.18,4.072000000000001
3.8,650.304,278.66,57.652000000000015,3.316,51.536,11.627,8.176000000000002,19.256000000000007,315.181,381.232,3.6920000000000006
3.9,642.4119999999999,278.024,57.27600000000002,3.3739999999999997,52.818,11.894,8.512000000000002,20.300000000000008,315.514,379.414,3.63
4.0,634.494,277.35400000000004,57.53800000000002,3.3459999999999996,53.096000000000004,12.204,8.108,21.370000000000005,315.754,378.434,3.4060000000000006
4.1,626.682,276.683,56.92200000000001,3.3,53.02,12.457,7.014,22.72,316.122,374.492,3.2860000000000005
4.2,618.917,275.98600000000005,58.636000000000024,3.276,53.28399999999999,12.73,6.824000000000002,23.324,316.575,373.066,3.0960000000000005
4.3,611.2040000000001,275.41,57.61000000000003,3.2,52.885999999999996,13.06,6.816000000000005,23.599999999999998,317.0,371.07,3.024
4.4,603.712,274.95799999999997,56.80800000000001,3.2479999999999993,54.501999999999995,13.387,7.95,23.192000000000007,317.404,370.71,2.9720000000000004
4.5,596.252,274.551,54.0,3.178,54.013999999999996,13.622,8.122000000000002,24.174000000000003,318.104,368.616,2.9080000000000004
4.6,588.882,273.789,55.88000000000001,3.185,55.125,13.878,8.338000000000001,24.342000000000002,318.53,368.234,2.838
4.7,581.461,273.202,56.774000000000015,3.125,54.34,14.134,8.092000000000002,23.342000000000002,319.14099999999996,367.318,2.7500000000000004
4.8,574.12,272.692,55.88300000000001,3.176,55.972,14.39,7.660000000000001,23.91,319.47200000000004,367.76800000000003,2.648
4.9,566.86,272.172,56.509,3.19,56.538,14.687,7.6480000000000015,24.28,320.016,365.264,2.628
5.0,559.752,271.472,55.081,3.23,58.181999999999995,14.98,8.224,23.786,320.284,364.62100000000004,2.569
5.1,552.628,270.87600000000003,56.08800000000001,3.13,56.68,15.261,7.608000000000002,23.328000000000007,320.91999999999996,365.376,2.4970000000000003
5.2,545.648,270.282,57.12,3.108,57.650000000000006,15.530999999999999,7.822000000000001,23.698000000000004,321.168,364.552,2.455
5.3,538.762,269.466,52.529,3.1060000000000003,58.39000000000001,15.814,8.662,25.118000000000002,321.48400000000004,361.06800000000004,2.26
5.4,531.9219999999999,268.692,52.55700000000001,3.1290000000000004,59.660000000000004,16.088,8.408000000000001,25.990000000000002,321.67400000000004,357.989,2.119
5.5,525.136,268.05,54.54000000000001,3.093,59.64900000000001,16.4,9.064,26.386000000000006,322.072,357.763,2.05
5.6,518.484,267.272,53.94400000000001,3.0580000000000007,60.07800000000001,16.708,10.36,27.166000000000007,322.382,356.692,1.959
5.7,511.892,266.612,54.243,3.0,59.441,17.009,10.998000000000003,27.064000000000007,322.746,354.678,1.8950000000000002
5.8,505.34999999999997,266.08,53.76,2.9190000000000005,58.802,17.338,10.710000000000008,27.57800000000001,323.246,354.26,1.81
5.9,498.884,265.326,55.06,2.98,60.061,17.733,11.878,28.366000000000007,323.612,353.87,1.74
6.0,492.53799999999995,264.682,56.17,3.0,61.348,18.098,12.026,29.592000000000002,323.952,353.35,1.72
6.1,486.194,263.90799999999996,56.0,3.0,62.2,18.326999999999998,13.080000000000002,31.568000000000005,324.268,353.86,1.7
6.2,479.888,263.23600000000005,56.81,2.923,61.43400000000001,18.587,13.184000000000005,31.870000000000008,324.558,353.14,1.63
6.3,473.682,262.54200000000003,56.22,2.9,61.59100000000001,18.847,13.806000000000001,32.31200000000001,324.92400000000004,351.86,1.52
6.4,467.564,261.856,58.27,2.951000000000001,63.652,19.148,14.126000000000003,34.252,325.29999999999995,350.86,1.52
6.5,461.516,261.062,60.41,2.930000000000001,64.12200000000001,19.391,13.530000000000001,35.812000000000005,325.73,350.23,1.5
6.6,455.576,260.204,60.54,2.9160000000000004,65.052,19.644,13.070000000000002,37.410000000000004,326.23400000000004,351.37,1.49
6.7,449.576,259.60400000000004,60.96,2.9790000000000005,67.12900000000002,19.877,13.342,36.208,326.644,350.88,1.42
6.8,443.63599999999997,259.223,61.158,2.9460000000000006,67.478,20.13,12.454000000000002,35.352000000000004,327.12,350.325,1.3849999999999996
6.9,437.836,258.453,62.818999999999996,2.87,66.75200000000001,20.372,11.632000000000001,36.13000000000001,327.49800000000005,349.932,1.3519999999999999
7.0,432.142,257.716,64.89,2.8,65.886,20.618,13.022000000000002,36.84200000000001,327.76800000000003,349.98,1.323
7.1,426.459,257.12,63.756,2.724,65.434,20.86,13.024000000000001,36.52000000000001,327.995,349.409,1.27
7.2,420.836,256.343,64.63499999999999,2.7,64.854,21.188000000000002,12.732000000000005,35.876000000000005,328.37100000000004,349.45,1.2109999999999999
7.3,415.27299999999997,255.705,66.478,2.684,65.552,21.406,13.764000000000006,36.406000000000006,328.67900000000003,349.303,1.1819999999999997
7.4,409.732,255.046,64.52000000000004,2.7,66.87,21.668000000000003,14.486,37.104,328.978,347.592,1.13
7.5,404.226,254.206,63.96600000000001,2.6,65.98,21.889,13.460000000000003,38.018,329.498,346.46,1.0540000000000005
7.6,398.816,253.594,62.66600000000006,2.6,66.345,22.172000000000004,13.464000000000002,38.73800000000001,329.75,346.122,0.98
7.7,393.432,252.774,65.69000000000001,2.5700000000000003,67.005,22.382,13.604000000000003,39.51000000000001,329.908,345.014,0.9020000000000002
7.8,388.14,252.096,65.668,2.5,66.23500000000001,22.548000000000002,14.422000000000008,39.33400000000001,330.186,344.614,0.87
7.9,382.918,251.282,62.71600000000001,2.5,66.9,22.804000000000002,15.582,39.778000000000006,330.50800000000004,343.848,0.82
8.0,377.7,250.492,62.440000000000026,2.5,68.36,23.042,15.622000000000003,39.446000000000005,330.894,343.696,0.79
8.1,372.552,249.826,62.004,2.5,68.16499999999999,23.22,15.530000000000005,40.11400000000001,331.308,343.064,0.7340000000000003
8.2,367.446,249.07,61.99800000000001,2.5,69.535,23.5,14.290000000000008,40.83200000000001,331.474,342.662,0.6940000000000003
8.3,362.488,248.454,64.128,2.416,68.96199999999999,23.732,14.190000000000014,41.128000000000014,332.028,342.286,0.67
8.4,357.5,247.9,62.882000000000005,2.4320000000000004,69.35600000000001,23.918,13.920000000000012,40.35200000000001,332.486,341.726,0.6200000000000003
8.5,352.58599999999996,247.05,60.168,2.384000000000001,68.87400000000001,24.117999999999995,13.352000000000007,40.17600000000001,332.828,341.39799999999997,0.57
8.6,347.678,246.276,60.79,2.3360000000000003,68.618,24.398,14.192,41.23800000000001,333.006,341.206,0.5540000000000002
8.7,342.83,245.586,61.844,2.3,68.838,24.685999999999996,14.29200000000001,42.00400000000001,333.306,340.572,0.53
8.8,338.072,244.768,61.29,2.358,70.648,25.008,14.18000000000001,42.38400000000002,333.818,340.44,0.49
8.9,333.348,243.962,62.386,2.3,70.69600000000001,25.334,14.640000000000006,42.43600000000002,334.178,340.322,0.4640000000000001
9.0,328.756,243.13,60.624,2.3,73.16600000000003,25.656,14.930000000000003,43.328000000000024,334.578,340.07,0.42400000000000004
9.1,324.164,242.582,62.28000000000001,2.3480000000000008,74.03600000000003,25.848,15.134,44.20400000000002,334.846,339.814,0.3940000000000001
9.2,319.53000000000003,241.82,59.188,2.3,73.366,26.027,15.406000000000002,46.552000000000014,335.03,339.59200000000004,0.38
9.3,315.012,240.92,58.746,2.2920000000000003,74.43000000000002,26.186,15.426,49.20600000000001,335.282,339.63399999999996,0.36
9.4,310.547,240.118,58.965,2.297,76.30900000000001,26.342,15.040000000000004,51.10200000000001,335.508,339.235,0.32
9.5,306.111,239.347,59.655,2.2960000000000003,76.39999999999999,26.508,14.714000000000006,51.38400000000001,335.764,339.575,0.305
9.6,301.777,238.524,58.894999999999996,2.3,77.94699999999999,26.843,14.898,50.64000000000001,336.01099999999997,339.4,0.28
9.7,297.46700000000004,237.689,59.34,2.3,77.72,27.072000000000003,14.162000000000004,50.272000000000006,336.247,339.37,0.26
9.8,293.228,236.954,58.515,2.291,78.955,27.258000000000003,14.366000000000003,50.35400000000001,336.544,339.52,0.25
9.9,288.987,236.15,58.47,2.2929999999999997,82.274,27.43,13.976000000000003,50.40600000000001,336.846,339.635,0.225
10.0,284.868,235.461,56.370000000000005,2.3040000000000003,83.532,27.597000000000005,13.744000000000005,50.804000000000016,337.05400000000003,339.94,0.22
10.1,280.797,234.72,56.06,2.252000000000001,82.97200000000001,27.845000000000002,14.844000000000003,49.74200000000001,337.611,340.25,0.2
10.2,276.744,233.926,55.94,2.232000000000001,83.29200000000003,28.066000000000003,14.670000000000005,49.128000000000014,337.96700000000004,340.32,0.18
10.3,272.691,233.208,57.72,2.3,86.34,28.206000000000003,15.16400000000001,48.792000000000016,338.26,340.68,0.175
10.4,268.785,232.272,57.1,2.3,88.38799999999999,28.486000000000008,15.76600000000001,48.98200000000001,338.79,340.695,0.16
10.5,264.83799999999997,231.44799999999998,52.55199999999999,2.306,89.953,28.696000000000005,15.582000000000006,48.93800000000001,339.014,341.022,0.15
10.6,260.936,230.598,51.558,2.4,94.21900000000001,28.888000000000005,16.422,50.35600000000001,339.502,341.222,0.14
10.7,257.106,229.908,51.852,2.4580000000000006,99.10400000000001,29.104000000000003,16.746000000000002,50.826000000000015,339.986,341.658,0.14
10.8,253.326,229.15599999999998,52.912,2.5,102.22000000000001,29.374000000000002,17.56,50.57800000000001,340.304,341.754,0.12
10.9,249.556,228.434,53.21,2.5,104.49100000000001,29.634000000000004,17.09,51.14200000000001,340.623,342.255,0.12
11.0,245.789,227.809,51.702000000000005,2.6,109.076,29.936000000000003,17.07,52.00800000000001,341.258,342.57800000000003,0.1
11.1,242.11,227.33,51.31,2.6,111.08000000000001,30.24,18.474000000000004,52.20000000000001,341.95,343.058,0.1
11.2,238.46200000000002,226.71599999999998,50.084,2.6100000000000003,112.94,30.556,18.886000000000003,51.72800000000001,342.868,343.536,0.09
11.3,234.841,226.251,48.895,2.73,121.015,30.828,18.606,51.542000000000016,343.121,343.795,0.08
11.4,231.27100000000002,225.561,47.151,2.6950000000000003,120.705,31.055999999999997,19.44,51.75200000000001,343.832,344.221,0.07900000000000006
11.5,227.76,225.005,47.61600000000001,2.5949999999999998,117.34,31.236,19.478000000000005,51.908,344.426,344.81399999999996,0.07
11.6,224.241,224.412,47.135,2.6,119.6,31.39,18.766000000000005,52.172000000000004,344.90099999999995,345.392,0.06900000000000006
11.7,220.803,223.83100000000002,46.0,2.6500000000000004,124.44,31.546,17.896000000000004,53.08,345.561,345.988,0.06
11.8,217.431,223.34,47.089000000000006,2.6,124.945,31.7,17.144000000000002,53.722,346.081,346.851,0.05900000000000005
11.9,214.07,222.62400000000002,45.766999999999996,2.6,126.945,32.072,17.934,54.388,346.812,347.194,0.05
12.0,210.732,222.154,46.974000000000004,2.5300000000000002,124.87,32.452,18.014,55.300000000000004,347.902,348.109,0.05
12.1,207.482,221.613,46.915000000000006,2.565,129.005,32.864,18.522000000000002,55.05200000000001,349.13100000000003,349.32399999999996,0.04
12.2,204.221,221.21499999999997,46.800000000000004,2.5599999999999996,130.06,33.124,18.938000000000002,55.548,349.969,350.558,0.04
12.3,201.061,220.787,44.23600000000001,2.6,134.54000000000002,33.426,18.768,56.302,351.09999999999997,351.221,0.04
12.4,197.901,220.35999999999999,42.956,2.6950000000000003,141.175,33.626,19.152000000000008,57.675999999999995,351.83,351.876,0.03
12.5,194.791,219.87,41.64600000000001,2.725,146.215,33.885999999999996,19.806000000000004,58.556000000000004,353.296,353.407,0.03
12.6,191.749,219.614,39.63000000000001,2.71,150.08999999999997,34.108000000000004,20.108000000000004,57.996,354.534,354.578,0.03
12.7,188.756,219.001,39.85500000000001,2.865,159.385,34.326,21.432000000000006,57.806,355.935,356.051,0.02
12.8,185.773,218.87900000000002,38.0,2.91,165.79500000000002,34.848,20.672,57.054,356.863,356.898,0.02
12.9,182.792,218.55,35.945,2.886,162.94,35.26100000000001,18.04200000000001,56.252,357.971,358.02299999999997,0.02
13.0,179.923,218.192,35.018,2.8,160.858,35.479000000000006,17.694000000000006,56.954,358.744,358.79400000000004,0.02
13.1,177.007,217.85999999999999,33.974000000000004,2.832,165.26399999999998,35.709,17.288000000000004,56.772,360.157,360.17199999999997,0.02
13.2,174.215,217.62199999999999,31.235999999999997,2.912,173.85199999999998,36.047000000000004,17.392000000000003,56.412,361.434,361.387,0.02
13.3,171.476,217.284,31.0,3.0599999999999996,186.124,36.288000000000004,16.546000000000003,54.598000000000006,362.69,362.44,0.02
13.4,168.744,216.918,28.8,3.0,187.44199999999998,36.574000000000005,16.386,52.072,363.52000000000004,363.38,0.01
13.5,166.064,216.716,26.86,3.2,199.108,36.986000000000004,16.216000000000005,52.094,364.806,364.62,0.01
13.6,163.32,216.356,26.0,3.186,199.946,37.449,15.634000000000006,51.896,366.04,365.91,0.01
13.7,160.68,216.05800000000002,25.45,3.096,201.54799999999997,37.794000000000004,15.020000000000008,50.400000000000006,367.38,367.27,0.01
13.8,158.10999999999999,215.674,24.0,3.2,208.57,38.185,15.144000000000007,49.182000000000016,368.46,368.44,0.01
13.9,155.576,215.35,21.22,3.2479999999999993,213.67799999999997,38.69,15.382000000000003,47.87000000000001,369.418,369.48,0.01
14.0,153.062,215.026,20.26,3.2,214.05100000000002,39.261,14.464,47.25000000000001,370.204,370.11,0.01
14.1,150.558,214.602,19.92,3.197,218.49900000000005,39.76700000000001,12.71,47.702000000000005,371.204,371.21,0.01
14.2,148.126,214.26,18.0,3.107,216.81300000000007,40.11200000000001,12.606,46.574,372.406,372.39,0.01
14.3,145.715,213.965,17.369999999999997,3.037,215.48900000000006,40.49500000000001,12.348000000000003,45.693999999999996,373.44599999999997,373.47400000000005,0.01
14.4,143.302,213.589,15.595999999999991,2.934,213.85300000000004,40.88500000000001,12.338,45.662,374.49,374.483,0.01
14.5,140.97299999999998,213.131,15.91,3.0140000000000002,220.63200000000012,41.32200000000001,12.118,44.944,375.494,375.46599999999995,0.01
14.6,138.623,212.866,14.964,3.079000000000001,227.44500000000005,41.82,12.824000000000002,43.37800000000001,376.969,376.719,0.01
14.7,136.344,212.462,14.0,3.1920000000000006,240.618,42.138,12.914,44.150000000000006,377.848,377.623,0.01
14.8,134.068,212.058,13.426000000000009,3.22,251.872,42.58200000000001,11.830000000000002,43.56000000000001,379.074,379.067,0.01
14.9,131.912,211.842,13.580000000000004,3.2960000000000003,259.076,42.99800000000001,11.776000000000002,42.410000000000004,380.688,380.782,0.01
15.0,129.746,211.47,13.064000000000002,3.2,256.04,43.278,13.006000000000006,42.068,381.962,382.05400000000003,0.01
15.1,127.604,211.562,13.0,3.2180000000000004,260.00600000000003,43.754000000000005,13.862000000000002,41.09,383.72999999999996,383.762,0.01
15.2,125.518,211.244,12.642000000000001,3.2,260.67600000000004,44.01800000000001,13.258000000000003,40.276,384.71,384.764,0.01
15.3,123.44200000000001,210.766,11.784000000000002,3.128,260.647,44.29600000000001,13.408000000000001,39.690000000000005,385.772,385.816,0.0
15.4,121.41,210.674,11.0,3.2,268.91,44.702,14.310000000000004,37.606,387.17400000000004,387.22400000000005,0.0
15.5,119.435,210.73000000000002,10.925,3.2189999999999994,278.445,44.876000000000005,15.182000000000002,38.088,388.53999999999996,388.56,0.0
15.6,117.465,210.51,10.21,3.309999999999999,292.80699999999996,45.097,14.58,38.146,390.34000000000003,390.43,0.0
15.7,115.522,210.204,9.984,3.482,309.3560000000001,45.72,12.628000000000004,37.776,392.238,392.194,0.0
15.8,113.606,210.136,9.17,3.6099999999999994,334.634,46.071,10.818000000000001,37.62200000000001,393.588,393.48199999999997,0.0
15.9,111.7,210.014,9.0,3.83,349.72999999999996,46.469,10.832000000000006,36.97,394.93399999999997,394.7,0.0
16.0,109.83,209.61,8.459999999999999,3.8,356.67,47.019999999999996,11.290000000000004,34.782000000000004,396.436,396.264,0.0
16.1,108.006,209.74,8.629999999999999,3.9,373.355,47.374,11.132000000000001,33.922,397.89,397.782,0.0
16.2,106.177,209.499,8.363000000000001,4.029999999999999,388.91499999999996,47.806999999999995,11.652000000000003,32.72200000000001,399.675,399.502,0.0
16.3,104.37,209.264,8.070000000000002,4.075,399.48,48.435,11.952000000000004,31.096000000000004,400.835,400.744,0.0
16.4,102.637,208.938,7.9700000000000015,4.15,417.4,49.24,11.384000000000002,29.784000000000002,402.597,402.539,0.0
16.5,100.89800000000001,208.77,7.99,4.319999999999999,442.9239999999999,49.834,11.518000000000004,29.574,404.064,403.94599999999997,0.0
16.6,99.19,209.138,7.780000000000001,4.5760000000000005,471.214,50.272,10.594000000000005,29.05400000000001,406.024,405.568,0.0
16.7,97.53,208.91799999999998,7.384000000000001,4.797,502.795,50.782000000000004,9.064000000000002,29.262,407.18399999999997,407.02099999999996,0.0
16.8,95.905,208.835,7.392000000000001,4.954000000000001,521.3170000000001,51.318000000000005,8.636000000000001,27.480000000000004,409.653,409.638,0.0
16.9,94.3,208.991,7.31,4.896000000000001,529.942,52.415,7.710000000000003,27.30200000000001,411.79499999999996,411.755,0.0
17.0,92.711,208.85999999999999,7.01,4.8,532.4,52.945,8.346000000000002,26.928000000000015,413.437,413.446,0.0
17.1,91.142,208.75,6.902,5.2,581.49,53.99,8.656000000000004,26.05600000000002,415.632,415.338,0.0
17.2,89.63,208.852,6.572000000000006,5.539,627.3729999999999,54.425,8.346000000000002,25.320000000000014,417.598,417.546,0.0
17.3,88.10199999999999,208.852,6.232000000000003,5.9030000000000005,685.2919999999999,54.97,7.3160000000000025,24.85400000000001,419.778,419.73,0.0
17.4,86.622,208.95,6.0,6.27,738.102,55.525,6.83800000000001,23.308000000000003,422.102,421.958,0.0
17.5,85.173,208.989,5.886,6.1,732.3240000000001,56.364,6.650000000000006,21.528000000000002,424.213,424.09,0.0
17.6,83.766,209.24699999999999,5.514000000000005,6.320000000000002,769.1500000000001,56.949999999999996,6.548000000000003,20.130000000000003,426.817,426.659,0.0
17.7,82.37,209.38,5.269000000000003,6.552000000000001,812.5580000000003,57.396,5.0880000000000045,20.022000000000002,428.938,428.53400000000005,0.0
17.8,81.0,209.668,5.093,7.0,878.816,58.094,5.246000000000001,19.630000000000006,431.586,431.54200000000003,0.0
17.9,79.64,209.588,5.0,7.006,894.6640000000001,59.007999999999996,5.186000000000003,20.842,434.045,433.899,0.0
18.0,78.296,209.729,5.0,7.106,925.6530000000001,59.97,6.112000000000001,21.758000000000006,435.76800000000003,435.67699999999996,0.0
18.1,77.0,209.966,5.0,7.202000000000002,952.3980000000001,60.67,6.168000000000001,21.948,438.18,438.154,0.0
18.2,75.716,210.15900000000002,4.5,7.272,975.657,61.16,5.5460000000000065,21.214000000000002,441.178,441.01300000000003,0.0
18.3,74.426,210.25,4.295000000000002,7.230000000000001,983.7020000000003,62.205999999999996,5.2380000000000075,19.23,443.166,443.07,0.0
18.4,73.203,210.202,4.090000000000003,7.581000000000002,1040.529,63.13399999999999,5.194,18.742,445.11800000000005,444.872,0.0
18.5,71.99,210.296,4.212000000000001,8.106000000000002,1141.066,64.066,3.7340000000000004,18.960000000000004,447.471,447.341,0.0
18.6,70.78,210.38,4.0,8.270000000000001,1191.114,63.41,2.512000000000006,20.34,449.82599999999996,449.777,0.0
18.7,69.604,210.69,4.0,8.405000000000001,1223.865,64.449,2.790000000000001,20.584000000000003,452.202,452.122,0.0
18.8,68.43,210.8,4.0,8.649999999999999,1291.8059999999998,66.12,3.3720000000000008,20.036,454.385,454.326,0.0
18.9,67.34,210.73,4.0,8.785000000000002,1321.421,67.52,3.3980000000000015,18.48,456.78499999999997,456.788,0.0
19.0,66.195,210.87,3.9760000000000004,9.2,1417.1940000000002,68.58,3.880000000000001,18.252,458.925,458.898,0.0
19.1,65.11,211.10000000000002,4.0,9.463000000000001,1471.294,69.78,4.622000000000002,16.09800000000001,461.375,461.406,0.0
19.2,64.055,211.235,3.7400000000000007,9.9,1565.381,71.188,4.378000000000004,15.686000000000012,463.985,464.214,0.0
19.3,63.0,211.44,3.3899999999999997,10.240000000000004,1645.9560000000006,71.83600000000001,4.620000000000006,14.694000000000013,466.37,466.42,0.0
19.4,62.0,211.874,3.335,10.442000000000004,1691.9170000000004,72.968,5.170000000000008,16.526,469.01,469.1,0.0
19.5,61.026,211.76600000000002,3.0700000000000016,10.65,1763.626,74.337,4.763000000000004,17.5,472.012,472.254,0.0
19.6,60.019000000000005,212.043,3.0,11.1,1859.68,75.552,4.466000000000002,17.369,474.28,474.448,0.0
19.7,59.06,212.16,3.0,11.206,1913.494,76.79599999999999,4.319999999999999,14.685999999999996,476.48,476.955,0.0
19.8,58.08,212.21,3.0,11.36,1978.293,77.85,4.195999999999997,14.181999999999997,479.31,479.62,0.0
19.9,57.11,212.77200000000002,3.0,11.517999999999999,2039.664,78.9,2.4539999999999966,14.647999999999998,482.07199999999995,482.52,0.0
20.0,56.2,213.05,3.0,11.806000000000001,2142.1940000000004,80.133,3.3,14.802,484.924,485.215,0.0
20.1,55.263,213.153,2.8,12.170000000000002,2211.6430000000005,81.629,2.823999999999999,14.908,487.174,487.33,0.0
20.2,54.386,213.101,2.544000000000001,12.2,2251.2909999999997,82.819,1.4739999999999998,15.027999999999999,489.64,489.764,0.0
20.3,53.5,213.19,2.6,12.410000000000002,2338.551,84.247,1.907999999999999,15.779999999999994,492.38,492.584,0.0
20.4,52.633,213.38,2.3200000000000016,12.651000000000002,2417.1000000000004,85.599,3.4679999999999995,14.857999999999993,494.744,494.882,0.0
20.5,51.793,213.493,2.3200000000000016,12.988000000000001,2513.072,86.899,3.561999999999998,15.075999999999997,497.77,497.948,0.01
20.6,50.96,213.706,2.3,13.2,2632.9090000000006,88.511,3.017999999999998,14.475999999999997,500.553,500.622,0.01
20.7,50.134,214.014,2.220000000000002,13.316,2696.8860000000004,90.198,3.824,14.569999999999999,503.358,503.324,0.01
20.8,49.358,214.218,2.1,13.5,2758.418,91.721,3.338,14.355999999999996,506.204,505.96,0.01
20.9,48.572,214.27,2.1,13.5,2806.18,93.322,3.4499999999999984,13.4,508.584,508.516,0.01
21.0,47.8,214.632,2.0060000000000007,13.6,2863.04,94.22099999999999,3.987999999999999,13.158,511.734,511.692,0.01
21.1,47.034,214.802,2.1,13.7,2929.799,95.99300000000001,5.261999999999999,13.248,514.564,514.4680000000001,0.01
21.2,46.3,215.05,2.020000000000002,13.83,3002.165,97.361,5.93,14.131999999999996,517.314,517.182,0.01
21.3,45.554,215.19,2.0,13.966000000000001,3086.848,98.73,5.422,13.751999999999994,520.092,520.118,0.01
21.4,44.814,215.19,2.0160000000000013,14.305000000000001,3223.326,100.151,5.395999999999999,12.591999999999995,522.674,522.606,0.01
21.5,44.1,215.45,2.0,14.424,3284.541,101.85100000000001,5.884,11.343999999999994,525.6320000000001,525.5899999999999,0.01
21.6,43.4,215.414,2.0,14.597,3372.501,103.55,5.997999999999999,9.905999999999997,528.75,528.8919999999999,0.01
21.7,42.708,215.854,2.0,14.527,3443.966,105.426,5.653999999999999,10.891999999999996,531.338,531.382,0.01
21.8,42.044,215.958,2.0,14.638,3516.277,107.168,5.122,11.819999999999995,534.188,534.3280000000001,0.01
21.9,41.362,216.27599999999998,2.0,14.7,3587.2239999999997,107.78,5.045999999999999,11.277999999999997,537.126,538.054,0.01
22.0,40.705,216.505,2.0,14.7,3647.738,110.002,4.7479999999999976,11.621999999999996,540.02,540.765,0.01
22.1,40.072,216.582,2.0,14.702,3704.4880000000003,111.77,4.8519999999999985,11.953999999999997,542.9680000000001,543.782,0.01
22.2,39.44,216.614,2.0,14.712,3793.830000000001,113.36699999999999,4.459999999999999,11.936,545.704,546.232,0.01
22.3,38.812,216.808,2.0,14.8,3877.7560000000003,115.40400000000001,3.967999999999999,10.923999999999996,548.154,548.818,0.01
22.4,38.2,217.0,2.0,14.918000000000001,3930.843,117.256,4.937999999999999,11.604,551.375,551.745,0.01
22.5,37.6,217.06,2.0,14.9,4013.1110000000003,119.22800000000001,5.608,11.177999999999999,554.523,555.24,0.01
22.6,37.02,217.467,2.0,15.094999999999999,4139.385,120.77,4.717999999999999,11.584,557.433,558.0,0.01
22.7,36.439,217.548,2.0,15.19,4196.405,122.85400000000001,4.104,12.225999999999999,560.372,561.3539999999999,0.01
22.8,35.869,217.85,2.0,15.135,4293.87,124.52799999999999,3.1599999999999984,12.488,563.649,564.446,0.01
22.9,35.309000000000005,218.049,2.0,15.149999999999999,4341.32,126.10400000000001,4.319999999999998,12.247999999999998,566.5559999999999,567.334,0.01
23.0,34.749,218.25,2.0,15.096,4409.854,127.922,4.273999999999998,12.711999999999993,569.835,570.3480000000001,0.01
23.1,34.21,218.309,2.0,15.042,4457.818,129.428,3.46,13.15199999999999,573.1569999999999,573.6419999999999,0.01
23.2,33.67,218.37,2.0,15.0,4511.454,131.345,4.356,13.169999999999993,576.15,576.559,0.01
23.3,33.15,218.65,2.0,14.9,4570.977,132.66,4.482,13.423999999999994,579.22,579.85,0.01
23.4,32.63,218.94,2.0,14.888,4625.553,134.165,4.074,12.453999999999997,582.32,583.154,0.01
23.5,32.13,219.18800000000002,2.0,14.868000000000002,4687.36,136.008,3.385999999999999,12.787999999999995,585.423,586.24,0.01
23.6,31.63,219.305,2.0,14.818,4758.176,137.706,3.2319999999999984,13.585999999999993,588.624,589.33,0.01
23.7,31.14,219.55,2.0,14.794,4818.584,139.364,3.2159999999999997,14.131999999999994,591.669,592.26,0.01
23.8,30.66,219.55200000000002,2.0,14.7,4895.664,141.454,3.368,13.893999999999998,594.904,595.7,0.02
23.9,30.18,219.94299999999998,2.0,14.696,4946.84,144.092,4.0379999999999985,12.101999999999999,597.5269999999999,598.94,0.02
24.0,29.71,220.034,2.0,14.673,5000.554,146.19799999999998,3.584,13.014,600.932,601.7130000000001,0.02
24.1,29.25,220.29,2.0,14.634,5086.843,147.882,4.283999999999998,14.669999999999998,604.498,605.51,0.02
24.2,28.8,220.322,2.0,14.633000000000001,5177.752,149.80200000000002,4.579999999999999,13.867999999999999,607.74,608.2180000000001,0.02
24.3,28.352,220.52200000000002,2.0,14.61,5250.939,151.53,4.37,13.35,610.824,611.3979999999999,0.02
24.4,27.91,220.68200000000002,2.0,14.502,5293.315,152.588,4.297999999999999,13.127999999999997,614.174,614.7470000000001,0.02
24.5,27.49,221.09,2.0,14.5,5343.518,154.59000000000003,4.429999999999999,12.587999999999996,617.0310000000001,618.016,0.02
24.6,27.063,221.16,2.0,14.496000000000002,5452.880000000001,155.91400000000002,4.146,13.35,620.035,621.326,0.02
24.7,26.646,221.251,2.0,14.515,5551.773,157.218,5.319999999999999,14.617999999999999,623.05,624.49,0.02
24.8,26.233,221.375,2.0,14.437000000000001,5595.639,159.13200000000003,5.651999999999999,15.441999999999998,626.4730000000001,628.008,0.02
24.9,25.81,221.592,2.0,14.47,5681.224,160.848,5.477999999999999,16.157999999999998,630.134,631.072,0.02
25.0,25.41,221.495,2.0,14.421000000000001,5792.695000000001,162.536,6.076,16.394,633.015,634.304,0.02
25.1,25.022000000000002,221.718,2.0,14.487,5869.584000000001,164.183,5.394,16.323999999999998,636.462,637.6099999999999,0.02
25.2,24.637,221.994,2.0,14.4,5934.916,166.08,5.795999999999997,17.493999999999996,639.811,640.845,0.02
25.3,24.25,222.177,2.0,14.428,6004.1810000000005,167.651,7.138,17.669999999999998,642.948,644.19,0.02
25.4,23.877,222.317,2.0,14.424,6139.315000000002,169.245,7.101999999999998,16.571999999999996,646.8489999999999,647.645,0.02
25.5,23.5,222.58,2.0,14.392000000000001,6189.98,170.646,6.858,14.877999999999995,650.2959999999999,651.312,0.025999999999999943
25.6,23.148,222.75,2.0,14.408,6334.998,172.315,7.2719999999999985,14.747999999999998,653.58,654.934,0.03
25.7,22.8,222.903,2.0,14.33,6383.36,174.054,6.946,15.581999999999999,657.37,658.239,0.03
25.8,22.432,223.214,2.0,14.34,6479.69,175.94000000000003,6.726,15.603999999999996,660.0459999999999,661.729,0.03
25.9,22.091,223.626,2.0,14.32,6529.66,177.815,4.969999999999999,16.255999999999993,664.039,665.9000000000001,0.03
26.0,21.751,223.72299999999998,2.0,14.209,6652.71,179.349,5.323999999999999,15.491999999999996,667.475,669.48,0.03
26.1,21.412,224.04,2.0,14.2,6672.125,180.74,5.659999999999999,14.669999999999996,670.918,673.031,0.03
26.2,21.1,224.229,2.0,14.162,6806.956,182.28099999999998,6.177999999999999,14.959999999999999,674.113,675.972,0.03
26.3,20.776,224.462,2.0,14.114000000000003,6865.494000000001,183.604,6.342,16.093999999999998,678.263,679.3860000000001,0.03
26.4,20.46,224.638,2.0,13.976,6931.5740000000005,184.917,6.8039999999999985,16.909999999999997,682.1080000000001,683.2130000000001,0.04
26.5,20.137999999999998,224.814,2.0,13.926000000000002,7001.446,186.334,6.6819999999999995,16.5,685.708,686.686,0.04
26.6,19.84,224.995,2.0,13.883000000000001,7078.257,187.764,7.122,16.433999999999997,689.235,690.776,0.04
26.7,19.55,225.085,2.0,13.81,7161.566000000001,189.521,7.2139999999999995,16.909999999999997,692.8199999999999,694.1610000000001,0.04
26.8,19.25,225.314,2.0,13.8,7240.92,191.334,7.03,17.471999999999998,696.222,697.86,0.045
26.9,18.96,225.784,2.0,13.75,7343.98,192.736,6.077999999999999,18.785999999999994,700.326,701.965,0.05
27.0,18.67,225.922,2.0,13.672,7406.287,194.43,5.006,19.581999999999997,703.34,705.336,0.045999999999999944
27.1,18.39,226.184,2.0,13.6,7473.009,195.804,5.161999999999999,19.5,707.362,708.888,0.05
27.2,18.118000000000002,226.484,2.0,13.523,7553.031,197.18,5.276,18.302,710.9,712.57,0.05
27.3,17.848000000000003,226.52,2.0,13.46,7603.458,198.66000000000003,5.002,17.795999999999996,714.574,716.236,0.05
27.4,17.58,226.55,1.9600000000000022,13.5,7754.608000000001,200.052,6.188,18.421999999999997,718.24,720.726,0.05
27.5,17.31,226.56,2.0,13.439,7841.022000000001,202.004,6.393999999999999,17.831999999999997,721.77,724.574,0.05
27.6,17.05,226.69,1.964000000000002,13.293,7835.35,203.52,6.539999999999999,17.776,725.38,728.404,0.05
27.7,16.79,226.92,1.9940000000000004,13.124,7892.218000000001,204.7,7.044,17.681999999999995,729.47,732.69,0.05
27.8,16.54,227.15,2.0,13.063,7951.283,206.06599999999997,6.986,18.575999999999997,733.482,736.0500000000001,0.06900000000000006
27.9,16.301000000000002,227.367,2.0,13.000000000000002,8060.361,207.898,5.864,19.633999999999997,737.081,740.668,0.06900000000000006
28.0,16.049,227.70700000000002,2.0,12.83,8116.4619999999995,209.166,5.474,19.548,741.072,744.414,0.06099999999999994
28.1,15.816,227.938,2.0,12.7,8156.8730000000005,210.368,6.983999999999999,18.962,745.77,748.328,0.06200000000000017
28.2,15.59,228.16500000000002,2.0,12.572000000000001,8211.698000000002,211.325,6.283999999999999,19.131999999999998,750.0250000000001,752.495,0.07300000000000012
28.3,15.321000000000002,228.341,1.625,12.4,8203.11,212.155,6.262,19.5,753.095,757.155,0.06
28.4,15.104,228.613,1.56,12.4,8251.56,213.47500000000002,5.119999999999999,20.233999999999998,756.933,761.0999999999999,0.065
28.5,14.888,229.00199999999998,1.523999999999999,12.3,8302.357,214.85500000000002,5.804,21.483999999999998,761.3100000000001,764.794,0.07
28.6,14.67,229.304,1.5019999999999991,12.138,8337.835,216.26999999999998,5.041999999999997,21.217999999999996,765.558,769.698,0.07
28.7,14.447999999999999,229.64600000000002,1.3070000000000002,11.940000000000003,8377.156,217.281,5.528,21.131999999999998,771.211,774.751,0.07
28.8,14.23,229.7,1.4980000000000007,11.794,8412.814,218.71,6.377999999999998,20.869999999999997,774.8,778.488,0.08
28.9,14.032,229.974,1.7,11.813,8558.378,219.933,6.057999999999999,20.34,778.504,782.58,0.08
29.0,13.823,230.266,1.7299999999999982,11.66,8579.814999999999,221.159,5.008,20.653999999999996,782.8199999999999,786.872,0.09
29.1,13.597999999999999,230.208,1.5440000000000007,11.566,8645.832,222.53,4.96,21.814999999999998,786.46,790.33,0.08400000000000006
29.2,13.402000000000001,230.665,1.3810000000000004,11.433,8615.036,224.15,5.344,20.43,790.2620000000001,795.1080000000001,0.08
29.3,13.212000000000002,230.75,1.3,11.238000000000001,8650.248000000001,225.46200000000002,5.846000000000001,20.916,794.63,798.66,0.09
29.4,13.012,230.838,1.36,11.07,8644.624000000002,228.12800000000001,6.006,21.816000000000003,798.3620000000001,802.65,0.09
29.5,12.82,230.805,1.45,10.98,8731.034000000001,228.94,7.044,21.903,800.8530000000001,806.84,0.1
29.6,12.628,231.062,1.4199999999999988,10.826,8708.043000000001,230.202,7.515,21.799,805.146,810.342,0.1
29.7,12.43,231.149,1.4700000000000017,10.7,8747.46,230.59,6.337,22.354,809.4,814.421,0.1
29.8,12.25,231.46,1.5620000000000012,10.620000000000001,8901.152,230.93,6.984000000000001,23.052,813.3670000000001,817.8969999999999,0.1180000000000001
29.9,12.06,231.74,1.6060000000000003,10.54,8925.195,231.544,7.866,23.3,817.7349999999999,823.082,0.12
30.0,11.88,231.94,1.3440000000000005,10.43,8927.064,232.57200000000003,7.784000000000004,24.333000000000002,821.84,827.3620000000001,0.11400000000000006
30.1,11.7,232.157,1.35,10.179,8851.61,234.32,7.050000000000001,25.46,826.672,832.5899999999999,0.11
30.2,11.52,232.252,1.2400000000000018,10.02,8821.53,235.24700000000004,8.377000000000002,27.112000000000002,830.915,837.1220000000001,0.11
30.3,11.350999999999999,232.391,1.2800000000000011,9.9,8907.83,236.56800000000004,8.024000000000001,28.716,834.496,839.75,0.1180000000000001
30.4,11.190999999999999,232.641,1.380000000000001,9.8,8943.42,237.82600000000002,7.102,28.781000000000002,838.495,844.782,0.12
30.5,11.0,232.956,1.2200000000000017,9.636,8901.696,238.811,6.281000000000003,28.231,843.362,849.686,0.12
30.6,10.882000000000001,233.15,1.1510000000000007,9.45,8872.175,240.373,7.153000000000005,29.841,847.578,853.519,0.13
30.7,10.7,233.4,1.2980000000000007,9.34,8882.42,241.58,7.431000000000003,30.715000000000007,852.252,858.421,0.14
30.8,10.52,233.57,1.3,9.268,8929.354,242.33,7.0280000000000005,29.635000000000005,856.371,862.5179999999999,0.14400000000000007
30.9,10.4,233.83100000000002,1.2799999999999983,9.170000000000002,8920.142000000002,243.44,7.101000000000002,28.667000000000005,860.756,867.658,0.15
31.0,10.22,234.066,1.3770000000000011,8.962000000000002,8921.57,244.244,7.942000000000003,26.735,865.03,871.318,0.15
31.1,10.086,234.422,1.3279999999999996,8.837000000000002,8877.55,245.362,7.469,27.641000000000005,869.8520000000001,875.6959999999999,0.16
31.2,9.909,234.695,1.2920000000000003,8.7,8901.658,246.14600000000002,7.887000000000002,28.761000000000003,874.0219999999999,881.33,0.16200000000000017
31.3,9.8,234.96,1.2260000000000022,8.570000000000002,8940.114000000001,247.272,8.202000000000004,29.352,878.502,886.214,0.17
31.4,9.639000000000001,235.024,1.2560000000000047,8.472,8912.614,247.92600000000002,7.324000000000002,28.41,882.6650000000001,890.626,0.17
31.5,9.5,235.10500000000002,1.2,8.24,8891.01,249.004,7.053,28.96,887.015,896.406,0.18
31.6,9.391,235.26,1.6880000000000013,8.22,8915.378,249.76999999999998,7.0089999999999995,29.339000000000002,892.3209999999999,902.484,0.19400000000000006
31.7,9.223,235.516,1.2599999999999993,8.14,8905.876,250.393,6.728000000000001,30.586000000000002,896.9910000000001,906.422,0.18599999999999994
31.8,9.1,235.625,1.4200000000000046,8.006,8896.216,251.20600000000002,6.484,33.304,901.065,911.592,0.19
31.9,8.995000000000001,236.0,1.6200000000000017,7.8420000000000005,8883.894,251.87,7.713000000000001,32.319,904.8599999999999,918.186,0.19800000000000012
32.0,8.84,236.236,1.1850000000000003,7.7,8946.989,252.591,9.025000000000002,31.879000000000005,909.986,921.449,0.2
32.1,8.709000000000001,236.359,1.0,7.6,8849.234,253.664,10.536000000000007,31.844,914.701,926.174,0.2
32.2,8.6,236.4,1.0,7.5,8837.21,253.914,8.88,32.16,918.69,931.092,0.21
32.3,8.47,236.65,1.1120000000000005,7.3,8809.52,254.688,9.14,31.99,923.32,936.675,0.23
32.4,8.332,237.118,1.05,7.2,8818.972,255.62,10.37,31.87,929.008,943.025,0.235
32.5,8.2,237.246,1.0,7.084,8813.460000000001,255.982,11.5,31.4,933.31,946.645,0.24900000000000005
32.6,8.1,237.635,1.0200000000000018,6.908,8730.934000000001,255.988,10.87,30.62,940.072,953.1600000000001,0.2720000000000002
32.7,8.0,237.77,1.0400000000000007,6.8,8701.3,255.631,9.79,31.49,943.952,956.8240000000001,0.26400000000000007
32.8,7.9,237.995,1.1799999999999997,6.7,8662.092,256.05,8.6,32.52,948.515,963.3040000000001,0.26799999999999996
32.9,7.79,237.88,1.144,6.6,8644.119,256.14,8.48,31.13,952.89,967.006,0.26
33.0,7.64,237.89,1.0,6.5,8650.011999999999,256.038,7.667000000000001,33.066,958.374,970.632,0.27
33.1,7.53,238.39999999999998,1.0799999999999998,6.364000000000001,8637.544,257.168,7.551,33.41900000000001,963.0799999999999,977.294,0.28
33.2,7.406000000000001,238.41,1.0,6.255,8615.400000000001,257.817,7.9110000000000005,32.511,966.93,981.8580000000001,0.288
33.3,7.3,238.91,1.4200000000000006,6.0969999999999995,8558.835,259.16200000000003,7.621000000000003,31.921,970.66,987.862,0.342
33.4,7.2,239.27,1.2149999999999985,6.0,8538.536,261.232,9.136,32.172,975.489,990.058,0.34299999999999997
33.5,7.1,239.185,1.0,5.9,8474.380000000001,259.96,9.34,32.302,980.6800000000001,996.6030000000001,0.32400000000000007
33.6,7.0,239.55800000000002,1.300000000000003,5.765000000000001,8426.311,261.67199999999997,10.024000000000001,31.049000000000003,985.616,1001.7760000000001,0.36400000000000005
33.7,6.9,239.57,1.1,5.665,8375.925,262.296,9.245000000000001,32.264,990.49,1002.592,0.33800000000000013
33.8,6.8,239.46200000000002,1.13,5.664000000000001,8444.422,259.65999999999997,7.898000000000003,33.78,992.66,1006.27,0.31
33.9,6.71,239.554,1.3820000000000001,5.5360000000000005,8389.926,260.976,8.496000000000002,34.864000000000004,998.58,1013.908,0.3220000000000002
34.0,6.675,239.604,1.2910000000000017,5.31,8294.395,258.82,8.13,35.9,1005.529,1019.5400000000001,0.34
34.1,6.5649999999999995,240.05,1.17,5.188,8095.24,259.98,8.858000000000002,36.282000000000004,1010.988,1025.74,0.335
34.2,6.492,240.53,1.0,5.1,8064.52,260.33599999999996,9.41,35.784,1017.2379999999999,1031.8,0.35
34.3,6.4030000000000005,240.512,1.2000000000000028,4.984999999999999,7919.87,260.825,8.576000000000004,36.906,1022.003,1038.91,0.41400000000000003
34.4,6.306,241.138,1.0420000000000003,4.8,7858.9800000000005,261.602,9.464000000000006,38.334,1026.526,1046.842,0.4090000000000002
34.5,6.21,241.069,1.5,4.7,7796.61,262.683,10.246999999999998,39.859,1031.122,1052.32,0.37
34.6,6.136,241.704,1.4849999999999999,4.74,7966.1,263.94,9.895000000000005,38.79600000000001,1035.432,1058.425,0.385
34.7,6.061,242.724,1.4620000000000002,4.6,8014.52,264.612,10.55,39.292,1042.769,1069.5120000000002,0.39
34.8,5.998,243.03799999999998,1.0,4.478000000000001,7770.8640000000005,264.87,12.64,40.08,1047.239,1065.16,0.38
34.9,5.9,243.57,1.364,4.4,7709.6720000000005,265.168,14.688000000000002,41.005,1052.13,1072.529,0.4180000000000001
35.0,5.81,244.28,1.1199999999999997,4.3,7678.57,264.814,13.959999999999999,42.086,1057.128,1074.096,0.4179999999999999
